[
    {
        "id": "108c81e60792d9b2",
        "type": "tab",
        "label": "Flow 2",
        "disabled": false,
        "info": "",
        "env": []
    },
    {
        "id": "e7f8dbad92573349",
        "type": "ui_button",
        "z": "108c81e60792d9b2",
        "name": "",
        "group": "bdd650be6c560163",
        "order": 2,
        "width": 6,
        "height": 1,
        "passthru": false,
        "label": "Nạp/Reset dữ liệu",
        "tooltip": "",
        "color": "",
        "bgcolor": "red",
        "className": "",
        "icon": "",
        "payload": "",
        "payloadType": "str",
        "topic": "topic",
        "topicType": "msg",
        "x": 110,
        "y": 40,
        "wires": [
            [
                "7a1332c1415eac14"
            ]
        ]
    },
    {
        "id": "7a1332c1415eac14",
        "type": "file in",
        "z": "108c81e60792d9b2",
        "name": "",
        "filename": "C:\\Users\\ASUS99\\OneDrive - VNU-HCMUS\\University\\Nam 2\\6th\\IoT\\TH\\data.csv",
        "filenameType": "str",
        "format": "utf8",
        "chunk": false,
        "sendError": false,
        "encoding": "none",
        "allProps": false,
        "x": 550,
        "y": 40,
        "wires": [
            [
                "2f9ee13f4af7bc9a"
            ]
        ]
    },
    {
        "id": "2f9ee13f4af7bc9a",
        "type": "csv",
        "z": "108c81e60792d9b2",
        "name": "",
        "spec": "rfc",
        "sep": ";",
        "hdrin": true,
        "hdrout": "none",
        "multi": "mult",
        "ret": "\\r\\n",
        "temp": "",
        "skip": "0",
        "strings": true,
        "include_empty_strings": "",
        "include_null_values": "",
        "x": 510,
        "y": 120,
        "wires": [
            [
                "f2726c4c2e9f720b"
            ]
        ]
    },
    {
        "id": "f2726c4c2e9f720b",
        "type": "function",
        "z": "108c81e60792d9b2",
        "name": "Xử lý dữ liệu",
        "func": "let rawData = msg.payload;\nlet temps = [];\nlet hums = [];\nlet labels = [];\n\nlet sumTemp = 0, sumHum = 0;\n\nfor (let row of rawData) {\n  let date = row.created_at;\n  let temp = parseFloat(row.Temperature);\n  let hum = parseFloat(row.Humidity);\n\n  labels.push(date);\n  temps.push(temp);  \n  hums.push(hum);\n\n  sumTemp += temp;\n  sumHum += hum;\n}\n\n// Lưu thông tin vào flow context (nếu cần dùng chỗ khác)\nflow.set(\"fullData\", rawData);\nflow.set(\"tempAvg\", (sumTemp / rawData.length).toFixed(2));\nflow.set(\"humAvg\", (sumHum / rawData.length).toFixed(2));\nflow.set(\"minDate\", labels[0]);\nflow.set(\"maxDate\", labels[labels.length - 1]);\n\n// Trả lại đúng định dạng cho ui_chart\nmsg.payload = [{\n  series: [\"Nhiệt độ\", \"Độ ẩm\"],\n  data: [temps, hums],\n  labels: labels\n}];\n\nreturn msg;\n",
        "outputs": 1,
        "timeout": 0,
        "noerr": 0,
        "initialize": "",
        "finalize": "",
        "libs": [],
        "x": 290,
        "y": 260,
        "wires": [
            [
                "3793ca46d251a890",
                "5bb073e0bdf24615",
                "3caa0ae5cb82615b",
                "75747ffd3a756ac8",
                "01bd805ac23b5716"
            ]
        ]
    },
    {
        "id": "3caa0ae5cb82615b",
        "type": "function",
        "z": "108c81e60792d9b2",
        "name": "Độ ẩm",
        "func": "msg.payload = flow.get(\"humAvg\");\nreturn msg;\n",
        "outputs": 1,
        "timeout": 0,
        "noerr": 0,
        "initialize": "",
        "finalize": "",
        "libs": [],
        "x": 570,
        "y": 220,
        "wires": [
            [
                "43a09c4f0f097447"
            ]
        ]
    },
    {
        "id": "5bb073e0bdf24615",
        "type": "function",
        "z": "108c81e60792d9b2",
        "name": "Nhiệt độ",
        "func": "msg.payload = flow.get(\"tempAvg\");\nreturn msg;\n",
        "outputs": 1,
        "timeout": 0,
        "noerr": 0,
        "initialize": "",
        "finalize": "",
        "libs": [],
        "x": 580,
        "y": 180,
        "wires": [
            [
                "d45908ba49a54ea4"
            ]
        ]
    },
    {
        "id": "d45908ba49a54ea4",
        "type": "ui_gauge",
        "z": "108c81e60792d9b2",
        "name": "",
        "group": "87c1d6b8fc3f3011",
        "order": 1,
        "width": 0,
        "height": 0,
        "gtype": "gage",
        "title": "Biểu đồ nhiệt độ",
        "label": "oC",
        "format": "{{value}}",
        "min": 0,
        "max": "100",
        "colors": [
            "#00b500",
            "#e6e600",
            "#ca3838"
        ],
        "seg1": "",
        "seg2": "",
        "diff": false,
        "className": "",
        "x": 740,
        "y": 180,
        "wires": []
    },
    {
        "id": "43a09c4f0f097447",
        "type": "ui_gauge",
        "z": "108c81e60792d9b2",
        "name": "",
        "group": "87c1d6b8fc3f3011",
        "order": 2,
        "width": 0,
        "height": 0,
        "gtype": "gage",
        "title": "Biểu đồ độ ẩm",
        "label": "%",
        "format": "{{value}}",
        "min": 0,
        "max": "100",
        "colors": [
            "#00b500",
            "#e6e600",
            "#ca3838"
        ],
        "seg1": "",
        "seg2": "",
        "diff": false,
        "className": "",
        "x": 740,
        "y": 220,
        "wires": []
    },
    {
        "id": "3793ca46d251a890",
        "type": "ui_chart",
        "z": "108c81e60792d9b2",
        "name": "",
        "group": "bdd650be6c560163",
        "order": 11,
        "width": 22,
        "height": 10,
        "label": "Nhiệt độ theo ngày",
        "chartType": "line",
        "legend": "true",
        "xformat": "Y-M-D",
        "interpolate": "linear",
        "nodata": "",
        "dot": false,
        "ymin": "",
        "ymax": "",
        "removeOlder": 1,
        "removeOlderPoints": "50",
        "removeOlderUnit": "86400",
        "cutout": 0,
        "useOneColor": false,
        "useUTC": false,
        "colors": [
            "#0089eb",
            "#aec7e8",
            "#ff7f0e",
            "#2ca02c",
            "#98df8a",
            "#eb0a0a",
            "#ff9896",
            "#9467bd",
            "#c5b0d5"
        ],
        "outputs": 1,
        "useDifferentColor": false,
        "className": "",
        "x": 710,
        "y": 460,
        "wires": [
            []
        ]
    },
    {
        "id": "57cc8a5abc102d11",
        "type": "ui_date_picker",
        "z": "108c81e60792d9b2",
        "name": "",
        "label": "Từ",
        "group": "bdd650be6c560163",
        "order": 4,
        "width": 4,
        "height": 1,
        "passthru": true,
        "topic": "topic",
        "topicType": "msg",
        "className": "",
        "x": 770,
        "y": 260,
        "wires": [
            [
                "9a1c7de79c4dc60c"
            ]
        ]
    },
    {
        "id": "9a1c7de79c4dc60c",
        "type": "function",
        "z": "108c81e60792d9b2",
        "name": "Từ ngày",
        "func": "flow.set(\"fromDate\", msg.payload);\nreturn msg; \n",
        "outputs": 1,
        "timeout": 0,
        "noerr": 0,
        "initialize": "",
        "finalize": "",
        "libs": [],
        "x": 920,
        "y": 260,
        "wires": [
            [
                "b44e50456017ca0f"
            ]
        ]
    },
    {
        "id": "613ca4332efa34f7",
        "type": "ui_date_picker",
        "z": "108c81e60792d9b2",
        "name": "",
        "label": "đến",
        "group": "bdd650be6c560163",
        "order": 6,
        "width": 4,
        "height": 1,
        "passthru": true,
        "topic": "topic",
        "topicType": "msg",
        "className": "",
        "x": 770,
        "y": 300,
        "wires": [
            [
                "c91763bab8713a93"
            ]
        ]
    },
    {
        "id": "c91763bab8713a93",
        "type": "function",
        "z": "108c81e60792d9b2",
        "name": "Đến ngày",
        "func": "flow.set(\"toDate\", msg.payload);\nreturn msg; \n",
        "outputs": 1,
        "timeout": 0,
        "noerr": 0,
        "initialize": "",
        "finalize": "",
        "libs": [],
        "x": 920,
        "y": 300,
        "wires": [
            [
                "b44e50456017ca0f"
            ]
        ]
    },
    {
        "id": "75747ffd3a756ac8",
        "type": "function",
        "z": "108c81e60792d9b2",
        "name": "Lấy ngày nhỏ nhất",
        "func": "msg.payload = flow.get(\"minDate\");\n\nreturn msg;\n",
        "outputs": 1,
        "timeout": 0,
        "noerr": 0,
        "initialize": "",
        "finalize": "",
        "libs": [],
        "x": 590,
        "y": 260,
        "wires": [
            [
                "57cc8a5abc102d11"
            ]
        ]
    },
    {
        "id": "01bd805ac23b5716",
        "type": "function",
        "z": "108c81e60792d9b2",
        "name": "Lấy ngày lớn nhất",
        "func": "msg.payload = flow.get(\"maxDate\");\n\nreturn msg;",
        "outputs": 1,
        "timeout": 0,
        "noerr": 0,
        "initialize": "",
        "finalize": "",
        "libs": [],
        "x": 590,
        "y": 300,
        "wires": [
            [
                "613ca4332efa34f7"
            ]
        ]
    },
    {
        "id": "b44e50456017ca0f",
        "type": "ui_button",
        "z": "108c81e60792d9b2",
        "name": "",
        "group": "bdd650be6c560163",
        "order": 8,
        "width": 5,
        "height": 1,
        "passthru": false,
        "label": "Lọc dữ liệu",
        "tooltip": "",
        "color": "",
        "bgcolor": "",
        "className": "",
        "icon": "",
        "payload": "",
        "payloadType": "str",
        "topic": "topic",
        "topicType": "msg",
        "x": 1110,
        "y": 280,
        "wires": [
            [
                "9e27a24a7b333101"
            ]
        ]
    },
    {
        "id": "9e27a24a7b333101",
        "type": "function",
        "z": "108c81e60792d9b2",
        "name": "Biểu diễn theo ngày",
        "func": "let data = flow.get(\"fullData\");\nlet from = new Date(flow.get(\"fromDate\"));\nlet to = new Date(flow.get(\"toDate\"));\n\nlet temps = [], hums = [], labels = [];\n\nfor (let row of data) {\n  let d = new Date(row.created_at);\n  if (d >= from && d <= to) {\n    let temp = parseFloat(row.Temperature);\n    let hum = parseFloat(row.Humidity);\n    let date = row.created_at;\n\n    labels.push(date);\n    temps.push({ x: date, y: temp });\n    hums.push({ x: date, y: hum });\n  }\n}\n\nmsg.payload = [{\n  series: [\"Nhiệt độ\", \"Độ ẩm\"],\n  data: [temps, hums],\n  labels: labels\n}];\nreturn msg;\n",
        "outputs": 1,
        "timeout": 0,
        "noerr": 0,
        "initialize": "",
        "finalize": "",
        "libs": [],
        "x": 760,
        "y": 380,
        "wires": [
            [
                "3793ca46d251a890"
            ]
        ]
    },
    {
        "id": "c42527375280cb17",
        "type": "ui_spacer",
        "z": "108c81e60792d9b2",
        "name": "spacer",
        "group": "bdd650be6c560163",
        "order": 1,
        "width": 1,
        "height": 1
    },
    {
        "id": "47c1a17c14aa1f5a",
        "type": "ui_spacer",
        "z": "108c81e60792d9b2",
        "name": "spacer",
        "group": "bdd650be6c560163",
        "order": 3,
        "width": 1,
        "height": 1
    },
    {
        "id": "1e7e061790749b30",
        "type": "ui_spacer",
        "z": "108c81e60792d9b2",
        "name": "spacer",
        "group": "bdd650be6c560163",
        "order": 5,
        "width": 1,
        "height": 1
    },
    {
        "id": "58bc78ee34abc751",
        "type": "ui_spacer",
        "z": "108c81e60792d9b2",
        "name": "spacer",
        "group": "bdd650be6c560163",
        "order": 7,
        "width": 1,
        "height": 1
    },
    {
        "id": "f2b5d799c57a2d31",
        "type": "ui_spacer",
        "z": "108c81e60792d9b2",
        "name": "spacer",
        "group": "bdd650be6c560163",
        "order": 9,
        "width": 1,
        "height": 1
    },
    {
        "id": "2ec969cc9c9c83dd",
        "type": "ui_spacer",
        "z": "108c81e60792d9b2",
        "name": "spacer",
        "group": "bdd650be6c560163",
        "order": 10,
        "width": 1,
        "height": 1
    },
    {
        "id": "0fa62afcf45a05f6",
        "type": "ui_spacer",
        "z": "108c81e60792d9b2",
        "name": "spacer",
        "group": "bdd650be6c560163",
        "order": 12,
        "width": 1,
        "height": 1
    },
    {
        "id": "67118e19fc3ff638",
        "type": "ui_spacer",
        "z": "108c81e60792d9b2",
        "name": "spacer",
        "group": "bdd650be6c560163",
        "order": 13,
        "width": 1,
        "height": 1
    },
    {
        "id": "6418866132e39c26",
        "type": "ui_spacer",
        "z": "108c81e60792d9b2",
        "name": "spacer",
        "group": "bdd650be6c560163",
        "order": 14,
        "width": 1,
        "height": 1
    },
    {
        "id": "880b7a0770c3d60b",
        "type": "ui_spacer",
        "z": "108c81e60792d9b2",
        "name": "spacer",
        "group": "bdd650be6c560163",
        "order": 15,
        "width": 1,
        "height": 1
    },
    {
        "id": "30ad4d1899f66bcf",
        "type": "ui_spacer",
        "z": "108c81e60792d9b2",
        "name": "spacer",
        "group": "bdd650be6c560163",
        "order": 16,
        "width": 1,
        "height": 1
    },
    {
        "id": "c84ce9064601c01b",
        "type": "ui_spacer",
        "z": "108c81e60792d9b2",
        "name": "spacer",
        "group": "bdd650be6c560163",
        "order": 17,
        "width": 1,
        "height": 1
    },
    {
        "id": "0b84a45195a843e8",
        "type": "ui_spacer",
        "z": "108c81e60792d9b2",
        "name": "spacer",
        "group": "bdd650be6c560163",
        "order": 18,
        "width": 1,
        "height": 1
    },
    {
        "id": "8df64d6016fcea49",
        "type": "ui_spacer",
        "z": "108c81e60792d9b2",
        "name": "spacer",
        "group": "bdd650be6c560163",
        "order": 19,
        "width": 1,
        "height": 1
    },
    {
        "id": "e7eab09edc062fd4",
        "type": "ui_spacer",
        "z": "108c81e60792d9b2",
        "name": "spacer",
        "group": "bdd650be6c560163",
        "order": 20,
        "width": 1,
        "height": 1
    },
    {
        "id": "175dd6925b254cfa",
        "type": "ui_spacer",
        "z": "108c81e60792d9b2",
        "name": "spacer",
        "group": "bdd650be6c560163",
        "order": 21,
        "width": 1,
        "height": 1
    },
    {
        "id": "7095c5262112ac6f",
        "type": "ui_spacer",
        "z": "108c81e60792d9b2",
        "name": "spacer",
        "group": "bdd650be6c560163",
        "order": 22,
        "width": 1,
        "height": 1
    },
    {
        "id": "703d23288c24bcac",
        "type": "ui_spacer",
        "z": "108c81e60792d9b2",
        "name": "spacer",
        "group": "bdd650be6c560163",
        "order": 23,
        "width": 1,
        "height": 1
    },
    {
        "id": "05d850da446951d0",
        "type": "ui_spacer",
        "z": "108c81e60792d9b2",
        "name": "spacer",
        "group": "bdd650be6c560163",
        "order": 24,
        "width": 1,
        "height": 1
    },
    {
        "id": "b9e4bcb26e8815bf",
        "type": "ui_spacer",
        "z": "108c81e60792d9b2",
        "name": "spacer",
        "group": "bdd650be6c560163",
        "order": 25,
        "width": 1,
        "height": 1
    },
    {
        "id": "76fea389d24c39cb",
        "type": "ui_spacer",
        "z": "108c81e60792d9b2",
        "name": "spacer",
        "group": "bdd650be6c560163",
        "order": 26,
        "width": 1,
        "height": 1
    },
    {
        "id": "d0979a1d992ee9e6",
        "type": "ui_spacer",
        "z": "108c81e60792d9b2",
        "name": "spacer",
        "group": "bdd650be6c560163",
        "order": 27,
        "width": 1,
        "height": 1
    },
    {
        "id": "38bd6c4df30e6d0f",
        "type": "ui_spacer",
        "z": "108c81e60792d9b2",
        "name": "spacer",
        "group": "bdd650be6c560163",
        "order": 28,
        "width": 1,
        "height": 1
    },
    {
        "id": "1291eaf7d10c35c7",
        "type": "ui_spacer",
        "z": "108c81e60792d9b2",
        "name": "spacer",
        "group": "bdd650be6c560163",
        "order": 29,
        "width": 1,
        "height": 1
    },
    {
        "id": "66bbdf6026fcbbc3",
        "type": "ui_spacer",
        "z": "108c81e60792d9b2",
        "name": "spacer",
        "group": "bdd650be6c560163",
        "order": 30,
        "width": 1,
        "height": 1
    },
    {
        "id": "bdd650be6c560163",
        "type": "ui_group",
        "name": "Main",
        "tab": "6d28274c293d65ce",
        "order": 1,
        "disp": true,
        "width": "24",
        "collapse": false,
        "className": ""
    },
    {
        "id": "87c1d6b8fc3f3011",
        "type": "ui_group",
        "name": "Thống kê",
        "tab": "6d28274c293d65ce",
        "order": 2,
        "disp": true,
        "width": 6,
        "collapse": false,
        "className": ""
    },
    {
        "id": "6d28274c293d65ce",
        "type": "ui_tab",
        "name": "23127379 - Thái Minh Huy",
        "icon": "dashboard",
        "disabled": false,
        "hidden": false
    }
]